Dataset,IS Sortino,OOS Sortino,OOS/IS Ratio,Status
NDX_40yr,1.047391626123941,2.3271107071303967,2.221815268604241,✅ 과최적화 없음 (OOS > IS)
QQQ_27yr,1.5043194683523153,2.6010389705053987,1.7290469379847373,✅ 과최적화 없음 (OOS > IS)
TQQQ_15yr,2.0616449243638493,2.6517588319596674,1.2862345016942753,✅ 과최적화 없음 (OOS > IS)
